ID,Content,Category,Session ID,Created At
cm8gqz11w0000l703vl2pm7jb,"fdsfds

",general,40965d74-910d-4bde-9fa9-5a1507971ecf,2025-03-20T02:43:51.954Z
cm8gqyva80001ky03r8etmfns,"ndndndnd",general,40965d74-910d-4bde-9fa9-5a1507971ecf,2025-03-20T02:43:44.481Z
cm8gqys770000ky035iiu8r2k,"new new enw
",general,40965d74-910d-4bde-9fa9-5a1507971ecf,2025-03-20T02:43:40.482Z
cm8gqoyq00002l503frwv3dms,"fdsdfss",7star,64c2aab9-eb54-48c9-95ef-d3e3d0226852,2025-03-20T02:36:02.377Z
cm8gqov3o0001l503tflp4xcr,"dsfdsf",7star,300cbdcd-a485-4b07-91bf-bd4b6f6dda20,2025-03-20T02:35:57.684Z
cm8gqos0u0000l5037bzll1ag,"fdsdf",7star,398e861f-06d0-4920-873a-6f9091088727,2025-03-20T02:35:53.693Z
cm8gqf1xx0000k103z5rtj0vs,"ddd",Box Office,8b9c7113-205f-4f76-9500-d0613f54b036,2025-03-20T02:28:19.988Z
cm8gq6xzp0001jr03445fkb3p,"Usua",RAPR,19caadf7-08ac-48c4-9c92-d9218caeb954,2025-03-20T02:22:01.559Z
cm8gq673r0000jr03p0cookg3,"test",general,7ccc617c-9a9e-4607-b3bd-eee5813af53e,2025-03-20T02:21:26.775Z